law_code,section_no,section_title,section_summary,section_text
FDA2561,มาตรา 6,ความคุ้มค่า,รัฐต้องดำเนินนโยบายการคลัง การจัดทำงบประมาณ การใช้จ่าย และการบริหารการเงินการคลัง อย่างมีประสิทธิภาพ โปร่งใส และตรวจสอบได้,รัฐต้องดำเนินนโยบายการคลัง การจัดทำงบประมาณ การจัดหารายได้ การใช้จ่าย การบริหารการเงินการคลัง และการก่อหนี้ อย่างมีประสิทธิภาพ โปร่งใสและตรวจสอบได้ ทั้งนี้ ตามหลักการรักษาเสถียรภาพและการพัฒนาทางเศรษฐกิจอย่างยั่งยืน และหลักความเป็นธรรมในสังคม และต้องรักษาวินัยการเงินการคลังตามที่บัญญัติในพระราชบัญญัตินี้และตามกฎหมายอื่นที่เกี่ยวข้องอย่างเคร่งครัด
FDA2561,มาตรา 48,การหลีกเลี่ยงการจัดซื้อจัดจ้างที่โปร่งใส,การจัดซื้อจัดจ้างและการบริหารพัสดุต้องปฏิบัติตามกฎหมายว่าด้วยการจัดซื้อจัดจ้างโดยเคร่งครัด ด้วยความสุจริต คุ้มค่า โปร่งใส และตรวจสอบได้,การจัดซื้อจัดจ้างและการบริหารพัสดุของหน่วยงานของรัฐต้องปฏิบัติตามหลักเกณฑ์ที่กําหนดไว้ในกฎหมายว่าด้วยการจัดซื้อจัดจ้างและการบริหารพัสดุภาครัฐ หรือตามกฎระเบียบของหน่วยงานของรัฐโดยเคร่งครัด โดยต้องดําเนินการด้วยความสุจริต คุ้มค่า โปร่งใส มีประสิทธิภาพและประสิทธิผล และตรวจสอบได้
FDA2561,มาตรา 68,การรายงาน — เอกสารไม่ครบถ้วน/ตรวจสอบย้อนกลับไม่ได้,หน่วยงานของรัฐต้องจัดทำบัญชีและรายงานการเงินตามมาตรฐานการบัญชีภาครัฐและนโยบายการบัญชีภาครัฐที่กระทรวงการคลังกำหนด,ให้กระทรวงการคลังกำหนดมาตรฐานการบัญชีภาครัฐและนโยบายการบัญชีภาครัฐ ให้หน่วยงานของรัฐที่มิใช่รัฐวิสาหกิจและทุนหมุนเวียนจัดทำบัญชีและรายงานการเงินตามมาตรฐานการบัญชีภาครัฐและนโยบายการบัญชีภาครัฐตามวรรคหนึ่ง ในกรณีหน่วยงานของรัฐที่เป็นรัฐวิสาหกิจ ให้จัดทำบัญชีและรายงานการเงินตามมาตรฐานการบัญชีที่รับรองทั่วไป ในกรณีหน่วยงานของรัฐที่เป็นทุนหมุนเวียน ให้จัดทำบัญชีและรายงานการเงินตามที่กฎหมายว่าด้วยการบริหารทุนหมุนเวียนกำหนด
MOF-REG2560,ข้อ 20,การแบ่งซื้อแบ่งจ้าง,ห้ามแบ่งซื้อหรือแบ่งจ้างโดยลดวงเงินในครั้งเดียวกัน เพื่อให้วิธีการซื้อ/จ้าง หรืออำนาจสั่งซื้อสั่งจ้างเปลี่ยนแปลงไป,การแบ่งซื้อหรือแบ่งจ้างโดยลดวงเงินที่จะซื้อหรือจ้างในครั้งเดียวกันเพื่อให้วิธีการซื้อหรือจ้างหรืออํานาจในการสั่งซื้อสั่งจ้างเปลี่ยนแปลงไป จะกระทํามิได้ กรณีใดจะเป็นการแบ่งซื้อหรือแบ่งจ้างให้พิจารณาถึงวัตถุประสงค์ในการซื้อหรือจ้างครั้งนั้น และความคุ้มค่าของทางราชการเป็นสําคัญ
BID2542,มาตรา 11,การล็อกสเปกและกีดกันการแข่งขัน,เจ้าหน้าที่รัฐที่ออกแบบ กำหนดราคา หรือกำหนดเงื่อนไขโดยทุจริต เพื่อมิให้มีการแข่งขันอย่างเป็นธรรมหรือเพื่อกีดกันผู้เสนอราคา มีโทษจำคุก 5–20 ปี,"เจ้าหน้าที่ในหน่วยงานของรัฐผู้ใด หรือผู้ได้รับมอบหมายจากหน่วยงานของรัฐผู้ใด โดยทุจริตทำการออกแบบ กำหนดราคา กำหนดเงื่อนไข หรือกำหนดผลประโยชน์ตอบแทน อันเป็นมาตรฐานในการเสนอราคาโดยมุ่งหมายมิให้มีการแข่งขันในการเสนอราคาอย่างเป็นธรรม หรือเพื่อช่วยเหลือให้ผู้เสนอราคารายใดได้มีสิทธิเข้าทำสัญญากับหน่วยงานของรัฐโดยไม่เป็นธรรม หรือเพื่อกีดกันผู้เสนอราคารายใดมิให้มีโอกาสเข้าแข่งขันในการเสนอราคาอย่างเป็นธรรม ต้องระวางโทษจำคุกตั้งแต่ 5 ปีถึง 20 ปี หรือจำคุกตลอดชีวิต และปรับตั้งแต่ 100,000 บาทถึง 400,000 บาท"
BID2542,มาตรา 12,การเอื้อประโยชน์ทั่วไปและความผิดต่อตำแหน่งหน้าที่,เจ้าหน้าที่รัฐที่กระทำการใด ๆ โดยมุ่งหมายมิให้มีการแข่งขันราคาอย่างเป็นธรรม เพื่อเอื้อผู้เสนอราคารายใด มีความผิดต่อตำแหน่งหน้าที่ โทษจำคุก 5–20 ปี,"เจ้าหน้าที่ในหน่วยงานของรัฐผู้ใดกระทำความผิดตามพระราชบัญญัตินี้ หรือกระทำการใด ๆ โดยมุ่งหมายมิให้มีการแข่งขันราคาอย่างเป็นธรรม เพื่อเอื้ออำนวยแก่ผู้เข้าทำการเสนอราคารายใดให้เป็นผู้มีสิทธิทำสัญญากับหน่วยงานของรัฐ มีความผิดฐานกระทำผิดต่อตำแหน่งหน้าที่ ต้องระวางโทษจำคุกตั้งแต่ 5 ปีถึง 20 ปี หรือจำคุกตลอดชีวิต และปรับตั้งแต่ 100,000 บาทถึง 400,000 บาท"
RP-ANNOUNCE,ข้อ 20,การเปิดเผยเอกสารก่อสร้าง,"การจ้างก่อสร้างทุกครั้งต้องประกาศเปิดเผยราคากลางพร้อมแนบรายละเอียดการคำนวณตาม BOQ — กรณีงานอาคารคือ ปร.4, ปร.4(พ), ปร.5(ก), ปร.5(ข) และ ปร.6","ในการจ้างก่อสร้างทุกครั้งให้หน่วยงานที่จะมีการจ้างก่อสร้างประกาศเปิดเผยข้อมูลราคากลางทางเว็บไซต์ของหน่วยงาน และเว็บไซต์ของกรมบัญชีกลาง (www.gprocurement.go.th) โดยแนบรายละเอียดการคำนวณราคากลางตาม BOQ. (Bill of Quantities) ซึ่งผู้มีหน้าที่คำนวณราคากลางได้จัดทำขึ้นตามหลักเกณฑ์การคำนวณราคากลางงานก่อสร้างและหัวหน้าหน่วยงานของรัฐได้ให้ความเห็นชอบแล้ว เพื่อให้ผู้สนใจสามารถตรวจดูและหรือดาวน์โหลดไปตรวจดูได้พร้อมกับการประกาศเผยแพร่ร่างขอบเขตของงาน การประกาศสอบราคา การประกาศประกวดราคาอิเล็กทรอนิกส์ หรือการจัดทำหนังสือเชิญชวนกรณีวิธีคัดเลือกหรือวิธีเฉพาะเจาะจง แล้วแต่กรณี ทั้งนี้ รายละเอียดการคำนวณราคากลางตาม BOQ. ที่ต้องประกาศเปิดเผย ให้หมายถึงแบบฟอร์มดังนี้ (1) กรณีงานก่อสร้างอาคาร หมายถึง แบบฟอร์ม ปร. 4, ปร. 4 (พ), ปร. 5 (ก), ปร. 5 (ข) และ ปร. 6 (2) กรณีงานก่อสร้างทาง สะพาน และท่อเหลี่ยม หมายถึง แบบฟอร์มสรุปราคากลางงานก่อสร้างทาง สะพาน และท่อเหลี่ยม (3) กรณีงานก่อสร้างชลประทาน หมายถึง แบบฟอร์มสรุปราคากลางงานก่อสร้างชลประทาน"
FOREST2484,ทั้งฉบับ,พระราชบัญญัติป่าไม้ พ.ศ. 2484,ไฟล์ case ไม่ระบุมาตรา — ระบบเสนอให้ตรวจสอบเพิ่มเติมในพระราชบัญญัติฉบับนี้เมื่อโครงการอยู่ในพื้นที่นอกกรอบอำนาจหน้าที่ และตรวจสอบว่ามีหนังสือยินยอมให้ใช้พื้นที่หรือไม่,
FOREST2507,ทั้งฉบับ,พระราชบัญญัติป่าสงวนแห่งชาติ พ.ศ. 2507,ไฟล์ case ไม่ระบุมาตรา — ระบบเสนอให้ตรวจสอบเพิ่มเติมในพระราชบัญญัติฉบับนี้เมื่อโครงการอยู่ในพื้นที่นอกกรอบอำนาจหน้าที่ และตรวจสอบว่ามีหนังสือยินยอมให้ใช้พื้นที่หรือไม่,
